{"Version":1,"ManifestType":"Publish","Endpoints":[{"Route":"app/assets/index-DatUYdNo.js","AssetFile":"app/assets/index-DatUYdNo.js.gz","Selectors":[{"Name":"Content-Encoding","Value":"gzip","Quality":"0.000011332087"}],"ResponseHeaders":[{"Name":"Cache-Control","Value":"no-cache"},{"Name":"Content-Encoding","Value":"gzip"},{"Name":"Content-Length","Value":"88244"},{"Name":"Content-Type","Value":"text/javascript"},{"Name":"ETag","Value":"\"dA98W2j2c2ljyJ5On0sRnu/VFa3hTu5shsOxr4D80/8=\""},{"Name":"Last-Modified","Value":"Mon, 15 Dec 2025 03:37:19 GMT"},{"Name":"Vary","Value":"Accept-Encoding"}],"EndpointProperties":[{"Name":"integrity","Value":"sha256-atwLFrLiG2HgL7gBwVUuiHoLV8hCE7QxpbspR957Ybo="},{"Name":"original-resource","Value":"\"atwLFrLiG2HgL7gBwVUuiHoLV8hCE7QxpbspR957Ybo=\""}]},{"Route":"app/assets/index-DatUYdNo.js","AssetFile":"app/assets/index-DatUYdNo.js.br","Selectors":[{"Name":"Content-Encoding","Value":"br","Quality":"0.000013421918"}],"ResponseHeaders":[{"Name":"Cache-Control","Value":"no-cache"},{"Name":"Content-Encoding","Value":"br"},{"Name":"Content-Length","Value":"74504"},{"Name":"Content-Type","Value":"text/javascript"},{"Name":"ETag","Value":"\"wlEAuvFKM+ZoxkM1GAtQhRkoDw4aPneuHa+uVYbjGeA=\""},{"Name":"Last-Modified","Value":"Mon, 15 Dec 2025 03:37:20 GMT"},{"Name":"Vary","Value":"Accept-Encoding"}],"EndpointProperties":[{"Name":"integrity","Value":"sha256-atwLFrLiG2HgL7gBwVUuiHoLV8hCE7QxpbspR957Ybo="},{"Name":"original-resource","Value":"\"atwLFrLiG2HgL7gBwVUuiHoLV8hCE7QxpbspR957Ybo=\""}]},{"Route":"app/assets/index-DatUYdNo.js","AssetFile":"app/assets/index-DatUYdNo.js","Selectors":[],"ResponseHeaders":[{"Name":"Cache-Control","Value":"no-cache"},{"Name":"Content-Length","Value":"302295"},{"Name":"Content-Type","Value":"text/javascript"},{"Name":"ETag","Value":"\"atwLFrLiG2HgL7gBwVUuiHoLV8hCE7QxpbspR957Ybo=\""},{"Name":"Last-Modified","Value":"Mon, 15 Dec 2025 03:37:16 GMT"},{"Name":"Vary","Value":"Accept-Encoding"}],"EndpointProperties":[{"Name":"integrity","Value":"sha256-atwLFrLiG2HgL7gBwVUuiHoLV8hCE7QxpbspR957Ybo="}]},{"Route":"app/assets/index-DatUYdNo.js.br","AssetFile":"app/assets/index-DatUYdNo.js.br","Selectors":[],"ResponseHeaders":[{"Name":"Cache-Control","Value":"no-cache"},{"Name":"Content-Encoding","Value":"br"},{"Name":"Content-Length","Value":"74504"},{"Name":"Content-Type","Value":"text/javascript"},{"Name":"ETag","Value":"\"wlEAuvFKM+ZoxkM1GAtQhRkoDw4aPneuHa+uVYbjGeA=\""},{"Name":"Last-Modified","Value":"Mon, 15 Dec 2025 03:37:20 GMT"},{"Name":"Vary","Value":"Accept-Encoding"}],"EndpointProperties":[{"Name":"integrity","Value":"sha256-wlEAuvFKM+ZoxkM1GAtQhRkoDw4aPneuHa+uVYbjGeA="}]},{"Route":"app/assets/index-DatUYdNo.js.gz","AssetFile":"app/assets/index-DatUYdNo.js.gz","Selectors":[],"ResponseHeaders":[{"Name":"Cache-Control","Value":"no-cache"},{"Name":"Content-Encoding","Value":"gzip"},{"Name":"Content-Length","Value":"88244"},{"Name":"Content-Type","Value":"text/javascript"},{"Name":"ETag","Value":"\"dA98W2j2c2ljyJ5On0sRnu/VFa3hTu5shsOxr4D80/8=\""},{"Name":"Last-Modified","Value":"Mon, 15 Dec 2025 03:37:19 GMT"},{"Name":"Vary","Value":"Accept-Encoding"}],"EndpointProperties":[{"Name":"integrity","Value":"sha256-dA98W2j2c2ljyJ5On0sRnu/VFa3hTu5shsOxr4D80/8="}]},{"Route":"app/assets/index-DatUYdNo.umafcd60dl.js","AssetFile":"app/assets/index-DatUYdNo.js.gz","Selectors":[{"Name":"Content-Encoding","Value":"gzip","Quality":"0.000011332087"}],"ResponseHeaders":[{"Name":"Cache-Control","Value":"max-age=31536000, immutable"},{"Name":"Content-Encoding","Value":"gzip"},{"Name":"Content-Length","Value":"88244"},{"Name":"Content-Type","Value":"text/javascript"},{"Name":"ETag","Value":"\"dA98W2j2c2ljyJ5On0sRnu/VFa3hTu5shsOxr4D80/8=\""},{"Name":"Last-Modified","Value":"Mon, 15 Dec 2025 03:37:19 GMT"},{"Name":"Vary","Value":"Accept-Encoding"}],"EndpointProperties":[{"Name":"fingerprint","Value":"umafcd60dl"},{"Name":"integrity","Value":"sha256-atwLFrLiG2HgL7gBwVUuiHoLV8hCE7QxpbspR957Ybo="},{"Name":"label","Value":"app/assets/index-DatUYdNo.js"},{"Name":"original-resource","Value":"\"atwLFrLiG2HgL7gBwVUuiHoLV8hCE7QxpbspR957Ybo=\""}]},{"Route":"app/assets/index-DatUYdNo.umafcd60dl.js","AssetFile":"app/assets/index-DatUYdNo.js.br","Selectors":[{"Name":"Content-Encoding","Value":"br","Quality":"0.000013421918"}],"ResponseHeaders":[{"Name":"Cache-Control","Value":"max-age=31536000, immutable"},{"Name":"Content-Encoding","Value":"br"},{"Name":"Content-Length","Value":"74504"},{"Name":"Content-Type","Value":"text/javascript"},{"Name":"ETag","Value":"\"wlEAuvFKM+ZoxkM1GAtQhRkoDw4aPneuHa+uVYbjGeA=\""},{"Name":"Last-Modified","Value":"Mon, 15 Dec 2025 03:37:20 GMT"},{"Name":"Vary","Value":"Accept-Encoding"}],"EndpointProperties":[{"Name":"fingerprint","Value":"umafcd60dl"},{"Name":"integrity","Value":"sha256-atwLFrLiG2HgL7gBwVUuiHoLV8hCE7QxpbspR957Ybo="},{"Name":"label","Value":"app/assets/index-DatUYdNo.js"},{"Name":"original-resource","Value":"\"atwLFrLiG2HgL7gBwVUuiHoLV8hCE7QxpbspR957Ybo=\""}]},{"Route":"app/assets/index-DatUYdNo.umafcd60dl.js","AssetFile":"app/assets/index-DatUYdNo.js","Selectors":[],"ResponseHeaders":[{"Name":"Cache-Control","Value":"max-age=31536000, immutable"},{"Name":"Content-Length","Value":"302295"},{"Name":"Content-Type","Value":"text/javascript"},{"Name":"ETag","Value":"\"atwLFrLiG2HgL7gBwVUuiHoLV8hCE7QxpbspR957Ybo=\""},{"Name":"Last-Modified","Value":"Mon, 15 Dec 2025 03:37:16 GMT"},{"Name":"Vary","Value":"Accept-Encoding"}],"EndpointProperties":[{"Name":"fingerprint","Value":"umafcd60dl"},{"Name":"integrity","Value":"sha256-atwLFrLiG2HgL7gBwVUuiHoLV8hCE7QxpbspR957Ybo="},{"Name":"label","Value":"app/assets/index-DatUYdNo.js"}]},{"Route":"app/assets/index-DatUYdNo.umafcd60dl.js.br","AssetFile":"app/assets/index-DatUYdNo.js.br","Selectors":[],"ResponseHeaders":[{"Name":"Cache-Control","Value":"max-age=31536000, immutable"},{"Name":"Content-Encoding","Value":"br"},{"Name":"Content-Length","Value":"74504"},{"Name":"Content-Type","Value":"text/javascript"},{"Name":"ETag","Value":"\"wlEAuvFKM+ZoxkM1GAtQhRkoDw4aPneuHa+uVYbjGeA=\""},{"Name":"Last-Modified","Value":"Mon, 15 Dec 2025 03:37:20 GMT"},{"Name":"Vary","Value":"Accept-Encoding"}],"EndpointProperties":[{"Name":"fingerprint","Value":"umafcd60dl"},{"Name":"integrity","Value":"sha256-wlEAuvFKM+ZoxkM1GAtQhRkoDw4aPneuHa+uVYbjGeA="},{"Name":"label","Value":"app/assets/index-DatUYdNo.js.br"}]},{"Route":"app/assets/index-DatUYdNo.umafcd60dl.js.gz","AssetFile":"app/assets/index-DatUYdNo.js.gz","Selectors":[],"ResponseHeaders":[{"Name":"Cache-Control","Value":"max-age=31536000, immutable"},{"Name":"Content-Encoding","Value":"gzip"},{"Name":"Content-Length","Value":"88244"},{"Name":"Content-Type","Value":"text/javascript"},{"Name":"ETag","Value":"\"dA98W2j2c2ljyJ5On0sRnu/VFa3hTu5shsOxr4D80/8=\""},{"Name":"Last-Modified","Value":"Mon, 15 Dec 2025 03:37:19 GMT"},{"Name":"Vary","Value":"Accept-Encoding"}],"EndpointProperties":[{"Name":"fingerprint","Value":"umafcd60dl"},{"Name":"integrity","Value":"sha256-dA98W2j2c2ljyJ5On0sRnu/VFa3hTu5shsOxr4D80/8="},{"Name":"label","Value":"app/assets/index-DatUYdNo.js.gz"}]},{"Route":"app/index.1ba1o7l83a.html","AssetFile":"app/index.html.br","Selectors":[{"Name":"Content-Encoding","Value":"br","Quality":"0.001138952164"}],"ResponseHeaders":[{"Name":"Cache-Control","Value":"max-age=31536000, immutable"},{"Name":"Content-Encoding","Value":"br"},{"Name":"Content-Length","Value":"877"},{"Name":"Content-Type","Value":"text/html"},{"Name":"ETag","Value":"\"SCg8sI7tKtyz2emEvdlhPYbGYP6q7DsIbh+Ywadbdn0=\""},{"Name":"Last-Modified","Value":"Mon, 15 Dec 2025 03:37:19 GMT"},{"Name":"Vary","Value":"Accept-Encoding"}],"EndpointProperties":[{"Name":"fingerprint","Value":"1ba1o7l83a"},{"Name":"integrity","Value":"sha256-kzHUN+HQsSzUi1D01xn4rL0F9ZAMem8W0tyS4nexfIk="},{"Name":"label","Value":"app/index.html"},{"Name":"original-resource","Value":"\"kzHUN+HQsSzUi1D01xn4rL0F9ZAMem8W0tyS4nexfIk=\""}]},{"Route":"app/index.1ba1o7l83a.html","AssetFile":"app/index.html.gz","Selectors":[{"Name":"Content-Encoding","Value":"gzip","Quality":"0.000876424189"}],"ResponseHeaders":[{"Name":"Cache-Control","Value":"max-age=31536000, immutable"},{"Name":"Content-Encoding","Value":"gzip"},{"Name":"Content-Length","Value":"1140"},{"Name":"Content-Type","Value":"text/html"},{"Name":"ETag","Value":"\"GgX5qawTDRkGPWGjZ12aBSpS1Pa4egkwGrlqtBzmsfM=\""},{"Name":"Last-Modified","Value":"Mon, 15 Dec 2025 03:37:19 GMT"},{"Name":"Vary","Value":"Accept-Encoding"}],"EndpointProperties":[{"Name":"fingerprint","Value":"1ba1o7l83a"},{"Name":"integrity","Value":"sha256-kzHUN+HQsSzUi1D01xn4rL0F9ZAMem8W0tyS4nexfIk="},{"Name":"label","Value":"app/index.html"},{"Name":"original-resource","Value":"\"kzHUN+HQsSzUi1D01xn4rL0F9ZAMem8W0tyS4nexfIk=\""}]},{"Route":"app/index.1ba1o7l83a.html","AssetFile":"app/index.html","Selectors":[],"ResponseHeaders":[{"Name":"Cache-Control","Value":"max-age=31536000, immutable"},{"Name":"Content-Length","Value":"2688"},{"Name":"Content-Type","Value":"text/html"},{"Name":"ETag","Value":"\"kzHUN+HQsSzUi1D01xn4rL0F9ZAMem8W0tyS4nexfIk=\""},{"Name":"Last-Modified","Value":"Mon, 15 Dec 2025 03:37:16 GMT"},{"Name":"Vary","Value":"Accept-Encoding"}],"EndpointProperties":[{"Name":"fingerprint","Value":"1ba1o7l83a"},{"Name":"integrity","Value":"sha256-kzHUN+HQsSzUi1D01xn4rL0F9ZAMem8W0tyS4nexfIk="},{"Name":"label","Value":"app/index.html"}]},{"Route":"app/index.1ba1o7l83a.html.br","AssetFile":"app/index.html.br","Selectors":[],"ResponseHeaders":[{"Name":"Cache-Control","Value":"max-age=31536000, immutable"},{"Name":"Content-Encoding","Value":"br"},{"Name":"Content-Length","Value":"877"},{"Name":"Content-Type","Value":"text/html"},{"Name":"ETag","Value":"\"SCg8sI7tKtyz2emEvdlhPYbGYP6q7DsIbh+Ywadbdn0=\""},{"Name":"Last-Modified","Value":"Mon, 15 Dec 2025 03:37:19 GMT"},{"Name":"Vary","Value":"Accept-Encoding"}],"EndpointProperties":[{"Name":"fingerprint","Value":"1ba1o7l83a"},{"Name":"integrity","Value":"sha256-SCg8sI7tKtyz2emEvdlhPYbGYP6q7DsIbh+Ywadbdn0="},{"Name":"label","Value":"app/index.html.br"}]},{"Route":"app/index.1ba1o7l83a.html.gz","AssetFile":"app/index.html.gz","Selectors":[],"ResponseHeaders":[{"Name":"Cache-Control","Value":"max-age=31536000, immutable"},{"Name":"Content-Encoding","Value":"gzip"},{"Name":"Content-Length","Value":"1140"},{"Name":"Content-Type","Value":"text/html"},{"Name":"ETag","Value":"\"GgX5qawTDRkGPWGjZ12aBSpS1Pa4egkwGrlqtBzmsfM=\""},{"Name":"Last-Modified","Value":"Mon, 15 Dec 2025 03:37:19 GMT"},{"Name":"Vary","Value":"Accept-Encoding"}],"EndpointProperties":[{"Name":"fingerprint","Value":"1ba1o7l83a"},{"Name":"integrity","Value":"sha256-GgX5qawTDRkGPWGjZ12aBSpS1Pa4egkwGrlqtBzmsfM="},{"Name":"label","Value":"app/index.html.gz"}]},{"Route":"app/index.html","AssetFile":"app/index.html.br","Selectors":[{"Name":"Content-Encoding","Value":"br","Quality":"0.001138952164"}],"ResponseHeaders":[{"Name":"Cache-Control","Value":"no-cache"},{"Name":"Content-Encoding","Value":"br"},{"Name":"Content-Length","Value":"877"},{"Name":"Content-Type","Value":"text/html"},{"Name":"ETag","Value":"\"SCg8sI7tKtyz2emEvdlhPYbGYP6q7DsIbh+Ywadbdn0=\""},{"Name":"Last-Modified","Value":"Mon, 15 Dec 2025 03:37:19 GMT"},{"Name":"Vary","Value":"Accept-Encoding"}],"EndpointProperties":[{"Name":"integrity","Value":"sha256-kzHUN+HQsSzUi1D01xn4rL0F9ZAMem8W0tyS4nexfIk="},{"Name":"original-resource","Value":"\"kzHUN+HQsSzUi1D01xn4rL0F9ZAMem8W0tyS4nexfIk=\""}]},{"Route":"app/index.html","AssetFile":"app/index.html.gz","Selectors":[{"Name":"Content-Encoding","Value":"gzip","Quality":"0.000876424189"}],"ResponseHeaders":[{"Name":"Cache-Control","Value":"no-cache"},{"Name":"Content-Encoding","Value":"gzip"},{"Name":"Content-Length","Value":"1140"},{"Name":"Content-Type","Value":"text/html"},{"Name":"ETag","Value":"\"GgX5qawTDRkGPWGjZ12aBSpS1Pa4egkwGrlqtBzmsfM=\""},{"Name":"Last-Modified","Value":"Mon, 15 Dec 2025 03:37:19 GMT"},{"Name":"Vary","Value":"Accept-Encoding"}],"EndpointProperties":[{"Name":"integrity","Value":"sha256-kzHUN+HQsSzUi1D01xn4rL0F9ZAMem8W0tyS4nexfIk="},{"Name":"original-resource","Value":"\"kzHUN+HQsSzUi1D01xn4rL0F9ZAMem8W0tyS4nexfIk=\""}]},{"Route":"app/index.html","AssetFile":"app/index.html","Selectors":[],"ResponseHeaders":[{"Name":"Cache-Control","Value":"no-cache"},{"Name":"Content-Length","Value":"2688"},{"Name":"Content-Type","Value":"text/html"},{"Name":"ETag","Value":"\"kzHUN+HQsSzUi1D01xn4rL0F9ZAMem8W0tyS4nexfIk=\""},{"Name":"Last-Modified","Value":"Mon, 15 Dec 2025 03:37:16 GMT"},{"Name":"Vary","Value":"Accept-Encoding"}],"EndpointProperties":[{"Name":"integrity","Value":"sha256-kzHUN+HQsSzUi1D01xn4rL0F9ZAMem8W0tyS4nexfIk="}]},{"Route":"app/index.html.br","AssetFile":"app/index.html.br","Selectors":[],"ResponseHeaders":[{"Name":"Cache-Control","Value":"no-cache"},{"Name":"Content-Encoding","Value":"br"},{"Name":"Content-Length","Value":"877"},{"Name":"Content-Type","Value":"text/html"},{"Name":"ETag","Value":"\"SCg8sI7tKtyz2emEvdlhPYbGYP6q7DsIbh+Ywadbdn0=\""},{"Name":"Last-Modified","Value":"Mon, 15 Dec 2025 03:37:19 GMT"},{"Name":"Vary","Value":"Accept-Encoding"}],"EndpointProperties":[{"Name":"integrity","Value":"sha256-SCg8sI7tKtyz2emEvdlhPYbGYP6q7DsIbh+Ywadbdn0="}]},{"Route":"app/index.html.gz","AssetFile":"app/index.html.gz","Selectors":[],"ResponseHeaders":[{"Name":"Cache-Control","Value":"no-cache"},{"Name":"Content-Encoding","Value":"gzip"},{"Name":"Content-Length","Value":"1140"},{"Name":"Content-Type","Value":"text/html"},{"Name":"ETag","Value":"\"GgX5qawTDRkGPWGjZ12aBSpS1Pa4egkwGrlqtBzmsfM=\""},{"Name":"Last-Modified","Value":"Mon, 15 Dec 2025 03:37:19 GMT"},{"Name":"Vary","Value":"Accept-Encoding"}],"EndpointProperties":[{"Name":"integrity","Value":"sha256-GgX5qawTDRkGPWGjZ12aBSpS1Pa4egkwGrlqtBzmsfM="}]},{"Route":"index.7usxgrltxn.html","AssetFile":"index.html.br","Selectors":[{"Name":"Content-Encoding","Value":"br","Quality":"0.002770083102"}],"ResponseHeaders":[{"Name":"Cache-Control","Value":"max-age=31536000, immutable"},{"Name":"Content-Encoding","Value":"br"},{"Name":"Content-Length","Value":"360"},{"Name":"Content-Type","Value":"text/html"},{"Name":"ETag","Value":"\"c4XK9UhHCD2PVaAB2DshLmKGaK7yGYrLO1v31gwqSEY=\""},{"Name":"Last-Modified","Value":"Sun, 14 Dec 2025 23:22:35 GMT"},{"Name":"Vary","Value":"Accept-Encoding"}],"EndpointProperties":[{"Name":"fingerprint","Value":"7usxgrltxn"},{"Name":"integrity","Value":"sha256-P/zXfKj/eY0qgsuJ7USDPdn33wfvkreHJlx6rIhX9Mc="},{"Name":"label","Value":"index.html"},{"Name":"original-resource","Value":"\"P/zXfKj/eY0qgsuJ7USDPdn33wfvkreHJlx6rIhX9Mc=\""}]},{"Route":"index.7usxgrltxn.html","AssetFile":"index.html.gz","Selectors":[{"Name":"Content-Encoding","Value":"gzip","Quality":"0.001890359168"}],"ResponseHeaders":[{"Name":"Cache-Control","Value":"max-age=31536000, immutable"},{"Name":"Content-Encoding","Value":"gzip"},{"Name":"Content-Length","Value":"528"},{"Name":"Content-Type","Value":"text/html"},{"Name":"ETag","Value":"\"cAf+1DVXVSvoXgJGH8tTJ9VoSjdvoMFtn0edqCXoWgg=\""},{"Name":"Last-Modified","Value":"Sun, 14 Dec 2025 23:22:34 GMT"},{"Name":"Vary","Value":"Accept-Encoding"}],"EndpointProperties":[{"Name":"fingerprint","Value":"7usxgrltxn"},{"Name":"integrity","Value":"sha256-P/zXfKj/eY0qgsuJ7USDPdn33wfvkreHJlx6rIhX9Mc="},{"Name":"label","Value":"index.html"},{"Name":"original-resource","Value":"\"P/zXfKj/eY0qgsuJ7USDPdn33wfvkreHJlx6rIhX9Mc=\""}]},{"Route":"index.7usxgrltxn.html","AssetFile":"index.html","Selectors":[],"ResponseHeaders":[{"Name":"Cache-Control","Value":"max-age=31536000, immutable"},{"Name":"Content-Length","Value":"803"},{"Name":"Content-Type","Value":"text/html"},{"Name":"ETag","Value":"\"P/zXfKj/eY0qgsuJ7USDPdn33wfvkreHJlx6rIhX9Mc=\""},{"Name":"Last-Modified","Value":"Sun, 14 Dec 2025 22:30:30 GMT"},{"Name":"Vary","Value":"Accept-Encoding"}],"EndpointProperties":[{"Name":"fingerprint","Value":"7usxgrltxn"},{"Name":"integrity","Value":"sha256-P/zXfKj/eY0qgsuJ7USDPdn33wfvkreHJlx6rIhX9Mc="},{"Name":"label","Value":"index.html"}]},{"Route":"index.7usxgrltxn.html.br","AssetFile":"index.html.br","Selectors":[],"ResponseHeaders":[{"Name":"Cache-Control","Value":"max-age=31536000, immutable"},{"Name":"Content-Encoding","Value":"br"},{"Name":"Content-Length","Value":"360"},{"Name":"Content-Type","Value":"text/html"},{"Name":"ETag","Value":"\"c4XK9UhHCD2PVaAB2DshLmKGaK7yGYrLO1v31gwqSEY=\""},{"Name":"Last-Modified","Value":"Sun, 14 Dec 2025 23:22:35 GMT"},{"Name":"Vary","Value":"Accept-Encoding"}],"EndpointProperties":[{"Name":"fingerprint","Value":"7usxgrltxn"},{"Name":"integrity","Value":"sha256-c4XK9UhHCD2PVaAB2DshLmKGaK7yGYrLO1v31gwqSEY="},{"Name":"label","Value":"index.html.br"}]},{"Route":"index.7usxgrltxn.html.gz","AssetFile":"index.html.gz","Selectors":[],"ResponseHeaders":[{"Name":"Cache-Control","Value":"max-age=31536000, immutable"},{"Name":"Content-Encoding","Value":"gzip"},{"Name":"Content-Length","Value":"528"},{"Name":"Content-Type","Value":"text/html"},{"Name":"ETag","Value":"\"cAf+1DVXVSvoXgJGH8tTJ9VoSjdvoMFtn0edqCXoWgg=\""},{"Name":"Last-Modified","Value":"Sun, 14 Dec 2025 23:22:34 GMT"},{"Name":"Vary","Value":"Accept-Encoding"}],"EndpointProperties":[{"Name":"fingerprint","Value":"7usxgrltxn"},{"Name":"integrity","Value":"sha256-cAf+1DVXVSvoXgJGH8tTJ9VoSjdvoMFtn0edqCXoWgg="},{"Name":"label","Value":"index.html.gz"}]},{"Route":"index.html","AssetFile":"index.html.br","Selectors":[{"Name":"Content-Encoding","Value":"br","Quality":"0.002770083102"}],"ResponseHeaders":[{"Name":"Cache-Control","Value":"no-cache"},{"Name":"Content-Encoding","Value":"br"},{"Name":"Content-Length","Value":"360"},{"Name":"Content-Type","Value":"text/html"},{"Name":"ETag","Value":"\"c4XK9UhHCD2PVaAB2DshLmKGaK7yGYrLO1v31gwqSEY=\""},{"Name":"Last-Modified","Value":"Sun, 14 Dec 2025 23:22:35 GMT"},{"Name":"Vary","Value":"Accept-Encoding"}],"EndpointProperties":[{"Name":"integrity","Value":"sha256-P/zXfKj/eY0qgsuJ7USDPdn33wfvkreHJlx6rIhX9Mc="},{"Name":"original-resource","Value":"\"P/zXfKj/eY0qgsuJ7USDPdn33wfvkreHJlx6rIhX9Mc=\""}]},{"Route":"index.html","AssetFile":"index.html.gz","Selectors":[{"Name":"Content-Encoding","Value":"gzip","Quality":"0.001890359168"}],"ResponseHeaders":[{"Name":"Cache-Control","Value":"no-cache"},{"Name":"Content-Encoding","Value":"gzip"},{"Name":"Content-Length","Value":"528"},{"Name":"Content-Type","Value":"text/html"},{"Name":"ETag","Value":"\"cAf+1DVXVSvoXgJGH8tTJ9VoSjdvoMFtn0edqCXoWgg=\""},{"Name":"Last-Modified","Value":"Sun, 14 Dec 2025 23:22:34 GMT"},{"Name":"Vary","Value":"Accept-Encoding"}],"EndpointProperties":[{"Name":"integrity","Value":"sha256-P/zXfKj/eY0qgsuJ7USDPdn33wfvkreHJlx6rIhX9Mc="},{"Name":"original-resource","Value":"\"P/zXfKj/eY0qgsuJ7USDPdn33wfvkreHJlx6rIhX9Mc=\""}]},{"Route":"index.html","AssetFile":"index.html","Selectors":[],"ResponseHeaders":[{"Name":"Cache-Control","Value":"no-cache"},{"Name":"Content-Length","Value":"803"},{"Name":"Content-Type","Value":"text/html"},{"Name":"ETag","Value":"\"P/zXfKj/eY0qgsuJ7USDPdn33wfvkreHJlx6rIhX9Mc=\""},{"Name":"Last-Modified","Value":"Sun, 14 Dec 2025 22:30:30 GMT"},{"Name":"Vary","Value":"Accept-Encoding"}],"EndpointProperties":[{"Name":"integrity","Value":"sha256-P/zXfKj/eY0qgsuJ7USDPdn33wfvkreHJlx6rIhX9Mc="}]},{"Route":"index.html.br","AssetFile":"index.html.br","Selectors":[],"ResponseHeaders":[{"Name":"Cache-Control","Value":"no-cache"},{"Name":"Content-Encoding","Value":"br"},{"Name":"Content-Length","Value":"360"},{"Name":"Content-Type","Value":"text/html"},{"Name":"ETag","Value":"\"c4XK9UhHCD2PVaAB2DshLmKGaK7yGYrLO1v31gwqSEY=\""},{"Name":"Last-Modified","Value":"Sun, 14 Dec 2025 23:22:35 GMT"},{"Name":"Vary","Value":"Accept-Encoding"}],"EndpointProperties":[{"Name":"integrity","Value":"sha256-c4XK9UhHCD2PVaAB2DshLmKGaK7yGYrLO1v31gwqSEY="}]},{"Route":"index.html.gz","AssetFile":"index.html.gz","Selectors":[],"ResponseHeaders":[{"Name":"Cache-Control","Value":"no-cache"},{"Name":"Content-Encoding","Value":"gzip"},{"Name":"Content-Length","Value":"528"},{"Name":"Content-Type","Value":"text/html"},{"Name":"ETag","Value":"\"cAf+1DVXVSvoXgJGH8tTJ9VoSjdvoMFtn0edqCXoWgg=\""},{"Name":"Last-Modified","Value":"Sun, 14 Dec 2025 23:22:34 GMT"},{"Name":"Vary","Value":"Accept-Encoding"}],"EndpointProperties":[{"Name":"integrity","Value":"sha256-cAf+1DVXVSvoXgJGH8tTJ9VoSjdvoMFtn0edqCXoWgg="}]},{"Route":"settings.43j9fgn5bn.html","AssetFile":"settings.html.gz","Selectors":[{"Name":"Content-Encoding","Value":"gzip","Quality":"0.000330250991"}],"ResponseHeaders":[{"Name":"Cache-Control","Value":"max-age=31536000, immutable"},{"Name":"Content-Encoding","Value":"gzip"},{"Name":"Content-Length","Value":"3027"},{"Name":"Content-Type","Value":"text/html"},{"Name":"ETag","Value":"\"n7Gf/Vj096sMd+1BH5A89IRXITH5WEz59ItAEHz2MZs=\""},{"Name":"Last-Modified","Value":"Sun, 14 Dec 2025 23:22:34 GMT"},{"Name":"Vary","Value":"Accept-Encoding"}],"EndpointProperties":[{"Name":"fingerprint","Value":"43j9fgn5bn"},{"Name":"integrity","Value":"sha256-4CcKSvjfiC8mRtIQwjhH9IRdCkRWPaDUIWWPIsAVj0g="},{"Name":"label","Value":"settings.html"},{"Name":"original-resource","Value":"\"4CcKSvjfiC8mRtIQwjhH9IRdCkRWPaDUIWWPIsAVj0g=\""}]},{"Route":"settings.43j9fgn5bn.html","AssetFile":"settings.html.br","Selectors":[{"Name":"Content-Encoding","Value":"br","Quality":"0.000419287212"}],"ResponseHeaders":[{"Name":"Cache-Control","Value":"max-age=31536000, immutable"},{"Name":"Content-Encoding","Value":"br"},{"Name":"Content-Length","Value":"2384"},{"Name":"Content-Type","Value":"text/html"},{"Name":"ETag","Value":"\"mG/Ml4sNAgvSnqsXyQwzrnxRDzwkaj5KQhwF2MecOD8=\""},{"Name":"Last-Modified","Value":"Sun, 14 Dec 2025 23:22:35 GMT"},{"Name":"Vary","Value":"Accept-Encoding"}],"EndpointProperties":[{"Name":"fingerprint","Value":"43j9fgn5bn"},{"Name":"integrity","Value":"sha256-4CcKSvjfiC8mRtIQwjhH9IRdCkRWPaDUIWWPIsAVj0g="},{"Name":"label","Value":"settings.html"},{"Name":"original-resource","Value":"\"4CcKSvjfiC8mRtIQwjhH9IRdCkRWPaDUIWWPIsAVj0g=\""}]},{"Route":"settings.43j9fgn5bn.html","AssetFile":"settings.html","Selectors":[],"ResponseHeaders":[{"Name":"Cache-Control","Value":"max-age=31536000, immutable"},{"Name":"Content-Length","Value":"11079"},{"Name":"Content-Type","Value":"text/html"},{"Name":"ETag","Value":"\"4CcKSvjfiC8mRtIQwjhH9IRdCkRWPaDUIWWPIsAVj0g=\""},{"Name":"Last-Modified","Value":"Sun, 14 Dec 2025 22:30:30 GMT"},{"Name":"Vary","Value":"Accept-Encoding"}],"EndpointProperties":[{"Name":"fingerprint","Value":"43j9fgn5bn"},{"Name":"integrity","Value":"sha256-4CcKSvjfiC8mRtIQwjhH9IRdCkRWPaDUIWWPIsAVj0g="},{"Name":"label","Value":"settings.html"}]},{"Route":"settings.43j9fgn5bn.html.br","AssetFile":"settings.html.br","Selectors":[],"ResponseHeaders":[{"Name":"Cache-Control","Value":"max-age=31536000, immutable"},{"Name":"Content-Encoding","Value":"br"},{"Name":"Content-Length","Value":"2384"},{"Name":"Content-Type","Value":"text/html"},{"Name":"ETag","Value":"\"mG/Ml4sNAgvSnqsXyQwzrnxRDzwkaj5KQhwF2MecOD8=\""},{"Name":"Last-Modified","Value":"Sun, 14 Dec 2025 23:22:35 GMT"},{"Name":"Vary","Value":"Accept-Encoding"}],"EndpointProperties":[{"Name":"fingerprint","Value":"43j9fgn5bn"},{"Name":"integrity","Value":"sha256-mG/Ml4sNAgvSnqsXyQwzrnxRDzwkaj5KQhwF2MecOD8="},{"Name":"label","Value":"settings.html.br"}]},{"Route":"settings.43j9fgn5bn.html.gz","AssetFile":"settings.html.gz","Selectors":[],"ResponseHeaders":[{"Name":"Cache-Control","Value":"max-age=31536000, immutable"},{"Name":"Content-Encoding","Value":"gzip"},{"Name":"Content-Length","Value":"3027"},{"Name":"Content-Type","Value":"text/html"},{"Name":"ETag","Value":"\"n7Gf/Vj096sMd+1BH5A89IRXITH5WEz59ItAEHz2MZs=\""},{"Name":"Last-Modified","Value":"Sun, 14 Dec 2025 23:22:34 GMT"},{"Name":"Vary","Value":"Accept-Encoding"}],"EndpointProperties":[{"Name":"fingerprint","Value":"43j9fgn5bn"},{"Name":"integrity","Value":"sha256-n7Gf/Vj096sMd+1BH5A89IRXITH5WEz59ItAEHz2MZs="},{"Name":"label","Value":"settings.html.gz"}]},{"Route":"settings.html","AssetFile":"settings.html.gz","Selectors":[{"Name":"Content-Encoding","Value":"gzip","Quality":"0.000330250991"}],"ResponseHeaders":[{"Name":"Cache-Control","Value":"no-cache"},{"Name":"Content-Encoding","Value":"gzip"},{"Name":"Content-Length","Value":"3027"},{"Name":"Content-Type","Value":"text/html"},{"Name":"ETag","Value":"\"n7Gf/Vj096sMd+1BH5A89IRXITH5WEz59ItAEHz2MZs=\""},{"Name":"Last-Modified","Value":"Sun, 14 Dec 2025 23:22:34 GMT"},{"Name":"Vary","Value":"Accept-Encoding"}],"EndpointProperties":[{"Name":"integrity","Value":"sha256-4CcKSvjfiC8mRtIQwjhH9IRdCkRWPaDUIWWPIsAVj0g="},{"Name":"original-resource","Value":"\"4CcKSvjfiC8mRtIQwjhH9IRdCkRWPaDUIWWPIsAVj0g=\""}]},{"Route":"settings.html","AssetFile":"settings.html.br","Selectors":[{"Name":"Content-Encoding","Value":"br","Quality":"0.000419287212"}],"ResponseHeaders":[{"Name":"Cache-Control","Value":"no-cache"},{"Name":"Content-Encoding","Value":"br"},{"Name":"Content-Length","Value":"2384"},{"Name":"Content-Type","Value":"text/html"},{"Name":"ETag","Value":"\"mG/Ml4sNAgvSnqsXyQwzrnxRDzwkaj5KQhwF2MecOD8=\""},{"Name":"Last-Modified","Value":"Sun, 14 Dec 2025 23:22:35 GMT"},{"Name":"Vary","Value":"Accept-Encoding"}],"EndpointProperties":[{"Name":"integrity","Value":"sha256-4CcKSvjfiC8mRtIQwjhH9IRdCkRWPaDUIWWPIsAVj0g="},{"Name":"original-resource","Value":"\"4CcKSvjfiC8mRtIQwjhH9IRdCkRWPaDUIWWPIsAVj0g=\""}]},{"Route":"settings.html","AssetFile":"settings.html","Selectors":[],"ResponseHeaders":[{"Name":"Cache-Control","Value":"no-cache"},{"Name":"Content-Length","Value":"11079"},{"Name":"Content-Type","Value":"text/html"},{"Name":"ETag","Value":"\"4CcKSvjfiC8mRtIQwjhH9IRdCkRWPaDUIWWPIsAVj0g=\""},{"Name":"Last-Modified","Value":"Sun, 14 Dec 2025 22:30:30 GMT"},{"Name":"Vary","Value":"Accept-Encoding"}],"EndpointProperties":[{"Name":"integrity","Value":"sha256-4CcKSvjfiC8mRtIQwjhH9IRdCkRWPaDUIWWPIsAVj0g="}]},{"Route":"settings.html.br","AssetFile":"settings.html.br","Selectors":[],"ResponseHeaders":[{"Name":"Cache-Control","Value":"no-cache"},{"Name":"Content-Encoding","Value":"br"},{"Name":"Content-Length","Value":"2384"},{"Name":"Content-Type","Value":"text/html"},{"Name":"ETag","Value":"\"mG/Ml4sNAgvSnqsXyQwzrnxRDzwkaj5KQhwF2MecOD8=\""},{"Name":"Last-Modified","Value":"Sun, 14 Dec 2025 23:22:35 GMT"},{"Name":"Vary","Value":"Accept-Encoding"}],"EndpointProperties":[{"Name":"integrity","Value":"sha256-mG/Ml4sNAgvSnqsXyQwzrnxRDzwkaj5KQhwF2MecOD8="}]},{"Route":"settings.html.gz","AssetFile":"settings.html.gz","Selectors":[],"ResponseHeaders":[{"Name":"Cache-Control","Value":"no-cache"},{"Name":"Content-Encoding","Value":"gzip"},{"Name":"Content-Length","Value":"3027"},{"Name":"Content-Type","Value":"text/html"},{"Name":"ETag","Value":"\"n7Gf/Vj096sMd+1BH5A89IRXITH5WEz59ItAEHz2MZs=\""},{"Name":"Last-Modified","Value":"Sun, 14 Dec 2025 23:22:34 GMT"},{"Name":"Vary","Value":"Accept-Encoding"}],"EndpointProperties":[{"Name":"integrity","Value":"sha256-n7Gf/Vj096sMd+1BH5A89IRXITH5WEz59ItAEHz2MZs="}]}]}